HerbAdderley,1980
TroyAikman,2006
GeorgeAllen,2002
LarryAllen,2013
MarcusAllen,2003
LanceAlworth,1978
MortenAndersen,2017
DougAtkins,1982
RedBadgro,1981
ChampBailey,2019
LemBarney,1992
CliffBattles,1968
SammyBaugh,1963
BobbyBeathard,2018
ChuckBednarik,1967
BertBell,1963
BobbyBell,1983
RaymondBerry,1973
ElvinBethea,2003
JeromeBettis,2015
CharlesBidwill,1967
FredBiletnikoff,1988
GeorgeBlanda,1981
MelBlount,1989
PatBowlen,2019
TerryBradshaw,1989
GilBrandt,2019
RobertBrazile,2018
DerrickBrooks,2014
BobBrown,2004
JimBrown,1971
PaulBrown,1967
RoseyBrown,1975
TimBrown,2015
WillieBrown,1984
BuckBuchanan,1990
NickBuoniconti,2001
DickButkus,1979
JackButler,2012
EarlCampbell,1991
TonyCanadeo,1974
JoeCarr,1963
HarryCarson,2006
CrisCarter,2013
DaveCasper,2002
GuyChamberlin,1965
JackChristiansen,1970
DutchClark,1963
GeorgeConnor,1975
JimmyConzelman,1964
LouCreekmur,1996
LarryCsonka,1987
CurleyCulp,2013
AlDavis,1992
TerrellDavis,2017
WillieDavis,1981
BrianDawkins,2018
DermonttiDawson,2012
LenDawson,1987
FredDean,2008
EddieDeBartolo,2016
JoeDeLamielleure,2003
RichardDent,2011
EricDickerson,1999
DanDierdorf,1996
MikeDitka,1988
ChrisDoleman,2012
ArtDonovan,1968
TonyDorsett,1994
PaddyDriscoll,1965
BillDudley,1966
TonyDungy,2016
KennyEasley,2017
TurkEdwards,1969
CarlEller,2004
JohnElway,2004
WeebEwbank,1978
MarshallFaulk,2011
BrettFavre,2016
TomFears,1970
JimFinks,1995
RayFlaherty,1976
LenFord,1976
DanFortmann,1965
DanFouts,1993
BennyFriedman,2005
FrankGatski,1985
BillGeorge,1974
JoeGibbs,1996
FrankGifford,1977
SidGillman,1983
TonyGonzalez,2019
OttoGraham,1965
RedGrange,1963
BudGrant,1994
DarrellGreen,2008
JoeGreene,1987
KevinGreene,2016
ForrestGregg,1977
BobGriese,1990
RussGrimm,2010
LouGroza,1974
RayGuy,2014
JoeGuyon,1966
GeorgeHalas,1963
CharlesHaley,2015
JackHam,1988
DanHampton,2002
ChrisHanburger,2011
JohnHannah,1991
FrancoHarris,1990
MarvinHarrison,2016
BobHayes,2009
MikeHaynes,1997
EdHealey,1964
MelHein,1963
TedHendricks,1990
PeteHenry,1963
ArnieHerber,1966
BillHewitt,1971
GeneHickerson,2007
ClarkeHinkle,1964
ElroyHirsch,1968
PaulHornung,1986
KenHouston,1986
CalHubbard,1963
SamHuff,1982
ClaudeHumphrey,2014
LamarHunt,1972
DonHutson,1963
MichaelIrvin,2007
RickeyJackson,2010
JimmyJohnson,1994
JohnHenryJohnson,1987
CharlieJoiner,1996
DeaconJones,1980
JerryJones,2017
StanJones,1991
WalterJones,2014
HenryJordan,1995
SonnyJurgensen,1983
JimKelly,2002
LeroyKelly,1994
CortezKennedy,2012
WaltKiesling,1966
FrankKinard,1971
JerryKramer,2018
PaulKrause,1998
CurlyLambeau,1963
JackLambert,1990
TomLandry,1990
DickLane,1974
JimLanger,1987
WillieLanier,1986
SteveLargent,1995
YaleLary,1979
DanteLavelli,1975
TyLaw,2019
BobbyLayne,1967
DickLeBeau,2010
TuffyLeemans,1978
MarvLevy,2001
RayLewis,2018
BobLilly,1980
FloydLittle,2010
LarryLittle,1993
JamesLofton,2003
VinceLombardi,1971
HowieLong,2000
RonnieLott,2000
SidLuckman,1965
WilliamLyman,1964
TomMack,1999
JohnMackey,1992
JohnMadden,2006
TimMara,1963
WellingtonMara,1997
GinoMarchetti,1972
DanMarino,2005
GeorgePrestonMarshall,1963
CurtisMartin,2012
OllieMatson,1972
BruceMatthews,2007
KevinMawae,2019
DonMaynard,1987
GeorgeMcAfee,1966
MikeMcCormack,1984
RandallMcDaniel,2009
TommyMcDonald,1998
HughMcElhenny,1970
JohnMcNally,1963
MikeMichalske,1964
WayneMillner,1968
BobbyMitchell,1983
RonMix,1979
ArtMonk,2008
JoeMontana,2000
WarrenMoon,2006
LennyMoore,1975
RandyMoss,2018
MarionMotley,1968
MikeMunchak,2001
AnthonyMunoz,1998
GeorgeMusso,1982
BronkoNagurski,1963
JoeNamath,1985
GreasyNeale,1969
ErnieNevers,1963
OzzieNewsome,1999
RayNitschke,1978
ChuckNoll,1993
LeoNomellini,1969
JonathanOgden,2013
MerlinOlsen,1982
JimOtto,1980
SteveOwen,1966
TerrellOwens,2018
OrlandoPace,2016
AlanPage,1988
BillParcells,2013
AceParker,1972
JimParker,1973
WalterPayton,1993
JoePerry,1969
PetePihos,1970
BillPolian,2015
FritzPollard,2005
JohnRandle,2010
ShortyRay,1966
AndreReed,2014
EdReed,2019
DanReevesOwner,1967
MelRenfro,1996
JerryRice,2010
LesRichter,2011
JohnRiggins,1992
JimRingo,1981
WillieRoaf,2012
DaveRobinson,2013
JohnnyRobinson,2019
AndyRobustelli,1971
ArtRooney,1964
DanRooney,2000
PeteRozelle,1985
EdSabol,2011
BarrySanders,2004
CharlieSanders,2007
DeionSanders,2011
WarrenSapp,2013
GaleSayers,1977
JoeSchmidt,1973
TexSchramm,1991
JuniorSeau,2015
LeeRoySelmon,1995
ShannonSharpe,2011
BillyShaw,1999
ArtShell,1989
WillShields,2015
DonShula,1997
OJSimpson,1985
MikeSingletary,1998
JackieSlater,2001
BruceSmith,2009
EmmittSmith,2010
JackieSmith,1994
BobStClair,1990
JohnStallworth,2002
KenStabler,2016
DickStanfel,2016
BartStarr,1977
RogerStaubach,1985
ErnieStautner,1969
JanStenerud,1991
DwightStephenson,1998
MichaelStrahan,2014
HankStram,2003
KenStrong,1967
JoeStydahar,1967
LynnSwann,2001
FranTarkenton,1986
CharleyTaylor,1984
JasonTaylor,2017
JimTaylor,1976
LawrenceTaylor,1999
DerrickThomas,2009
EmmittThomas,2008
ThurmanThomas,2007
JimThorpe,1963
MickTingelhoff,2015
AndreTippett,2008
YATittle,1971
LaDainianTomlinson,2017
GeorgeTrafton,1964
CharleyTrippi,1968
EmlenTunnell,1967
BulldogTurner,1966
JohnnyUnitas,1979
GeneUpshaw,1987
BrianUrlacher,2018
NormVanBrocklin,1971
SteveVanBuren,1965
DoakWalker,1986
BillWalsh,1993
PaulWarfield,1983
KurtWarner,2017
BobWaterfield,1965
MikeWebster,1997
RogerWehrli,2007
ArnieWeinmeister,1984
RandyWhite,1994
ReggieWhite,2006
DaveWilcox,2000
AeneasWilliams,2014
BillWillis,1977
LarryWilson,1978
RalphWilson,2009
KellenWinslow,1995
AlexWojciechowicz,1968
RonWolf,2015
WillieWood,1989
RodWoodson,2009
RayfieldWright,2006
RonYary,2001
SteveYoung,2005
JackYoungblood,2001
GaryZimmerman,2008
